2017 1 1,"<r>1 D   (†) <b>Tăierea împrejur cea după trup a Domnului;</b> †) Sf. Ier. Vasile cel Mare, arhiepiscopul Cezareei Capadociei	(Anul Nou) <br><b>Duminica dinaintea Botezului Domnului</b>	(Botezul lui Ioan); Ap. Coloseni II, 8-12; Evrei XIII, 17-21; II Timotei IV, 5-8; Ev. Luca II, 20-21; 40-52; Marcu I, 1-8; glas 3, voscr. 6</r>"
2017 1 2,"2 L   Înainteprăznuirea Botezului Domnului; Sf. Ier. Silvestru, Ep. Romei; Sf. Cuv. Serafim de Sarov"
2017 1 3,"3 M   Sf. Prooroc Maleahi; Sf. Mc. Gordie"
2017 1 4,"4 M   Soborul Sf. 70 de Apostoli; Sf. Cuv. Teoctist, egumenul de la Cucumia Siciliei; Sf. Cuv. Apolinaria	(Harţi)"
2017 1 5,"5 J   Sf. Sfinţit Mc. Teopempt şi Sf. Mc. Teonas; Sf. Cuv. Sinclitichia	(Ajunul Bobotezei) (Post negru)"
2017 1 6,"<r>6 V   (†) Botezul Domnului (Boboteaza)	(Harţi)</r>"
2017 1 7,"<r>7 S   †) Soborul Sf. Prooroc Ioan Botezătorul şi Înaintemergătorul Domnului	(Sâmbăta după Botezul Domnului)</r>"
2017 1 8,"<r>8 D   Sf. Cuv. Gheorghe Hozevitul şi Emilian Mărt.; Sf. Cuv. Domnica <br><b>Duminica după Botezul Domnului</b>	(Începutul propovăduirii Domnului); Ap. Efeseni IV, 7-13; Ev. Matei IV, 12-17; glas 4, voscr. 7</r>"
2017 1 9,"9 L   Sf. Mc. Polieuct; Sf. Cuv. Eustratie; Sf. Ier. Petru, episcopul Sevastiei"
2017 1 10,"10 M   <a>†) Sf. Sf. Cuv. Antipa de la Calapodeşti;</a> Sf. Grigorie, Ep. Nissei; Sf. Ier. Dometian, episcopul Melitinei;"
2017 1 11,"11 M   † Sf. Cuv. Teodosie cel Mare, începătorul vieţii de obşte; Sf. Cuv. Vitalie	(Dezlegare la ulei şi vin)"
2017 1 12,"12 J   Sf. Mc. Tatiana diac. şi Eutasia"
2017 1 13,"13 V   <a>Sf. Mc. Ermil şi Stratonic;</a> Sf. Ier. Iacob episcopul din Nisibe	(Post)"
2017 1 14,"14 S   Sf. Cuv. Mucenici din Sinai şi Rait; Sf. Nina	(Odovania Praznicului Botezului Domnului)"
2017 1 15,"<r>15 D   Sf. Cuv. Pavel Tebeul şi Ioan Colibaşul <br><b>Duminica a XXIX-a după Rusalii</b>	(a celor 10 leproși); Ap. Coloseni III, 4-11; Ev. Luca XVII, 12-19; glas 5, voscr. 8</r>"
2017 1 16,"16 L   Cinstirea lanţului al Sf. Ap. Petru; Sf. Mc. Danact citeţul"
2017 1 17,"17 M   †) Sf. Cuv. Antonie cel Mare; Sf. Cuv. Antonie cel nou din Veria"
2017 1 18,"18 M   † Sf. Ier. Atanasie şi Chiril, arhiepiscopii Alexandriei	(Dezlegare la ulei şi vin)"
2017 1 19,"19 J   Sf. Cuv. Macarie Egipteanul; Sf. Ier. Marcu, mitropolitul Efesului; Sf. Mc. Eufrasia"
2017 1 20,"20 V   †) Sf. Cuv. Eftimie cel Mare; Sf. Mc. In, Pin şi Rin; Sf. Mc. Vas şi Eusebiu	(Dezlegare la ulei şi vin)"
2017 1 21,"21 S   Sf. Cuv. Maxim Mărturisitorul; Sf. Mc. Neofit, Evghenie, Candid, Valerian şi Achila"
2017 1 22,"<r>22 D   Sf. Ap. Timotei; Sf. Sf. Cuv. Mc. Anastasie Persul <br><b>Duminica a XXXII-a după Rusalii</b>	(a lui Zaheu); Ap. I Timotei IV, 9-15; Ev. Luca XIX, 1-10; glas 6, voscr. 9</r>"
2017 1 23,"23 L   Sf. Sfinţit Mc. Clement, episcopul Ancirei; Sf. Mc. Agatanghel; Sfinţii Parinţi de la Sinodul al VI-lea Ecumenic"
2017 1 24,"24 M   Sf. Cuv. Xenia; Sf. Ier. Filon, episcopul Carpasiei"
2017 1 25,"25 M   †) Sf. Ier. Grigorie Teologul, arhiepiscopul Constantinopolului; <a>†) Sf. Bretanion episcopul Tomisului</a>	(Dezlegare la ulei şi vin)"
2017 1 26,"26 J   Sf. Cuv. Xenofont, Maria, Arcadie şi Ioan"
2017 1 27,"27 V   † Aducerea moaştelor Sf. Ier. Ioan Gură de Aur; Sf. Marciana împărăteasa	(Dezlegare la ulei şi vin)"
2017 1 28,"28 S   Sf. Cuv. Efrem Sirul, Isaac Sirul, Paladie şi Iacob Sihastrul; Sf. Muceniţă Haris"
2017 1 29,"<r>29 D   Aducerea moaştelor Sf. Sfinţit Mc. Ignatie Teoforul; Sf. Mc. Filotei <br><b>Duminica a XVII-a după Rusalii</b>	(a Cananeencii); Ap. II Corinteni VI, 16-18; VII, 1; Ev. Matei XV, 21-28; glas 7, voscr. 10</r>"
2017 1 30,"<r>30 L   †) Sf. Trei Ierarhi: Vasile cel Mare, Grigorie Teologul şi Ioan Gură de Aur; Sf. Sfinţit Mc. Ipolit, ep. Romei</r>"
2017 1 31,"31 M   Sf. Doctori fără de arginţi Chir şi Ioan; Sf. Mc. Trifena"

2017 2 1,"1 M   Înainteprăznuirea Întâmpinării Domnului; Sf. Mc. Trifon, Sf. Muceniţe Perpetua şi Felicitas	(Post)"
2017 2 2,"<r>2 J   (†) Întâmpinarea Domnului (Stratenia); Sf. Mc. Iordan şi Gavriil</r>"
2017 2 3,"3 V   Sf. şi Dreptul Simeon; Sf. Proorociţă Ana	(Post)"
2017 2 4,"4 S   Sf. Cuv. Isidor Pelusiotul; Sf. Sfinţit Mc. Avramie"
2017 2 5,"<r>5 D   Sf. Mc. Agata şi Teodula	(Începutul Triodului) <br><b>Duminica a XXXIII-a după Rusalii</b>	(a Vameșului și Fariseului); Ap. II Timotei III, 10-15; Ev. Luca XVIII, 10-14; glas 8, voscr. 11</r>"
2017 2 6,"6 L   Sf. Ier. Vucol, episcopul Smirnei si Fotie, patriarhul Constantinopolului; Sf. Cuv. Varsanufie cel Mare"
2017 2 7,"7 M   Sf. Ier. Partenie, episcopul Lampsacului; Sf. Cuv. Luca din Elada"
2017 2 8,"8 M   Sf. Mare Mc. Teodor Stratilat; Sf. Prooroc Zaharia; Sf. Mc. surori Marta şi Maria	(Harţi)"
2017 2 9,"9 J   Sf. Mc. Nichifor; Sf. Sfinţiţi Mc. Marcel şi Pangratie	(Odovania Praznicului Întâmpinării Domnului)"
2017 2 10,"10 V   †) Sf. Sfinţit Mc. Haralambie; Sf. Mc. Enata şi Valentina	(Harţi)"
2017 2 11,"11 S   Sf. Ier. Vlasie, episcopul Sevastiei; Sf. Teodora împărăteasa"
2017 2 12,"<r>12 D   Sf. Ier. Meletie, arhiepiscopul Antiohiei celei Mari; Sf. Antonie, patriarhul Constantinopolului; Sf. Mc. Hristea <br><b>Duminica a XXXIV-a după Rusalii</b>	(a Fiului Risipitor); Ap. I Corinteni VI, 12-20; Ev. Luca XV, 11-32; glas 1, voscr. 1</r>"
2017 2 13,"13 L   Sf. Cuv. Martinian; Sf. Ap. şi Mc. Acvila şi soţia sa Priscila; Sf. Ier. Evloghie, patriarhul Alexandriei"
2017 2 14,"14 M   Sf. Cuv. Auxenţiu, Maron şi Avraam; Sf. Filimon, Ep. Gazei"
2017 2 15,"15 M   Sf. Ap. Onisim; Sf. Mc. Maior; Sf. Cuv. Eusebiu din Siria	(Post)"
2017 2 16,"16 J   Sf. Sfinţit Mc. Pamfil; Sf. Mc. Valent, Pavel şi Seleuc; Sf. Cuv. Flavian, arhiepiscopul Constantinopolului"
2017 2 17,"17 V   Sf. M. Mc. Teodor Tiron; Sf. Mariamna; Sf. Împăraţi Marcian şi Pulheria	(Post)"
2017 2 18,"18 S   Sf. Leon, Ep. Romei; Sf. Agapit, Ep. Sinadei	(Pomenirea morților - Moșii de iarnă)"
2017 2 19,"<r>19 D   Sf. Ap. Arhip, Filimon şi soţia sa, Apfia; Sf. Cuv. Mărt. Evghenie şi Macarie <br><b>Duminica Lăsatului sec de carne</b>	(a Înfricoșătoarei Judecăți); Ap. I Corinteni VIII, 8-13; IX, 1-2; Ev. Matei XXV, 31-46; glas 2, voscr. 2</r>"
2017 2 20,"20 L   Sf. Leon, Ep. Cataniei; Sf. Agaton, Ep. Romei; Sf. Cuv. Visarion	(Dezlegare la ouă, lapte şi brânză)"
2017 2 21,"21 M   Sf. Cuv. Timotei; Sf. Eustatie, Ep. Antiohiei	(Dezlegare la ouă, lapte şi brânză)"
2017 2 22,"22 M   Aflarea moaştelor Sf. Mc. din Evghenia; Sf. Cuv. Atanasie, Talasie şi Limneu	(Zi aliturgică) (Dezlegare la ouă, lapte şi brânză) (Dezlegare la peste)"
2017 2 23,"23 J   Sf. Mc. Policarp, Ep. Smirnei; Sf. Cuv. Gorgonia	(Dezlegare la ouă, lapte şi brânză)"
2017 2 24,"24 V   † Întâia şi a doua aflare a Capului Sf. Ioan Înaintemergătorul şi Botezătorul Domnului	(Zi aliturgică) (Dezlegare la ouă, lapte şi brânză) (Dezlegare la peste)"
2017 2 25,"25 S   Sf. Tarasie, patriarhul Constantinopolului; Sf. Mc. Alexandru şi Ipatie	(Dezlegare la ouă, lapte şi brânză)"
2017 2 26,"<r>26 D   Sf. Porfirie, Arhiep. Gazei; Sf. Mc. Fotini; Sf. Teodor	(Lăsatul secului pentru Postul Mare) <br><b>Duminica Lăsatului sec de brânză</b>	(a Izgonirii lui Adam din Rai); Ap. Romani XIII, 11-14; XIV, 1-4; Ev. Matei VI, 14-21; glas 3, voscr. 3</r>"
2017 2 27,"27 L   Sf. Cuv. Mărt. Procopie şi Talaleu	(Canonul cel Mare, partea I; Începutul Postului Mare) (Zi aliturgică) (Numai seara, pâine şi apă)"
2017 2 28,"28 M   <a>†) Sf. Cuv. Ioan Casian Romanul şi Gherman din Dobrogea;</a> Sf. Cuv. Vasile Mărturisitorul; Sf. Sfinţit Mc. Nestor; Sf. Sfinţit Mc. Proterie	(Canonul cel Mare, partea a II-a) (Zi aliturgică) (Numai seara, pâine şi apă)"

2017 3 1,"1 M   Sf. Cuv. Mc. Evdochia; Sf. Cuv. Domnina; Sf. Mc. Antonina; Sf. Mc. Marcel şi Antonie	(Canonul cel Mare, partea a III-a) (Post)"
2017 3 2,"2 J   Sf. Sfinţit Mc. Teodot; Sf. Mc. Isihie şi Nestor	(Canonul cel Mare, partea a IV-a) (Post)"
2017 3 3,"3 V   Sf. Mc. Eutropie, Cleonic şi Vasilisc	(Post)"
2017 3 4,"4 S   Sf. Cuv. Gherasim de la Iordan; Sf. Mc. Pavel şi Iuliana, sora lui	(Sâmbăta Sf. Teodor - Pomenirea morților) (Dezlegare la ulei şi vin)"
2017 3 5,"<r>5 D   Sf. Mc. Conon din Isauria; Sf. Mc. Conon Grădinarul, Sf. Mc. Iraida; Sf. Cuv. Marcu Pusnicul	(Dezlegare la ulei şi vin) <br><b>Duminica I din Post</b>	(a Ortodoxiei); Ap. Evrei XI, 24-26; 32-40; Ev. Ioan I, 43-51; glas 4, voscr. 4</r>"
2017 3 6,"6 L   Sf. 42 de Mc. din Amoreea; Sf. Mc. Eufrosin; Aflarea Sfintei Cruci	(Post)"
2017 3 7,"7 M   Sf. Mc. Ep. din Cherson: Vasilevs, Efrem, Evghenie, Capiton, Eterie, Agatodor şi Elpidie	(Post)"
2017 3 8,"8 M   Sf. Ier. Teofilact Mărt., Ep. Nicomidiei; Sf. Ier. Pavel Mărt.; Sf. Mc. Dometie	(Post)"
2017 3 9,"9 J   † Sf. 40 de Mc. din Sevastia; Sf. Mc. Urpasian	(Dezlegare la ulei şi vin)"
2017 3 10,"10 V   Sf. Mc. Codrat, Ciprian şi Dionisie	(Post)"
2017 3 11,"11 S   Sf. Ier. Sofronie, Patr. Ierusalimului; Sf. Mc. Trofin şi Talul Sf. Sfintit Mc.Pionie	(Sâmbăta a II-a din Post - Pomenirea morților) (Dezlegare la ulei şi vin)"
2017 3 12,"<r>12 D   Sf. Cuv. Teofan Mărt.; Sf. Grigorie Dialogul, Ep. Romei; Sf. Cuv. Simeon Noul Teolog	(Dezlegare la ulei şi vin) <br><b>Duminica a II-a din Post</b>	(a Sf. Grigorie Palama; Vindecarea slăbănogului din Capernaum); Ap. Evrei I, 10-14; II, 1-3; VII, 26-28; VIII, 1-2; Ev. Marcu II, 1-12; Ioan X, 9-16; glas 5, voscr. 5</r>"
2017 3 13,"13 L   Aducerea moaştelor Sf. Ier. Nichifor, Patr. Constantinopolului; Sf. Mc. Hristina din Persia	(Post)"
2017 3 14,"14 M   Sf. Cuv. Benedict din Nursia; Sf. Mc. Alexandru din Pidna	(Post)"
2017 3 15,"15 M   Sf. Mc. Agapie, Plisie şi Tirmolau	(Post)"
2017 3 16,"16 J   Sf. Mc. Sabin Egipteanul, Papa şi Roman, Sf. Cuv. Anin; Sf. Cuv Hristodul din Patmos	(Post)"
2017 3 17,"17 V   Sf. Cuv. Alexie, omul lui Dumnezeu; Sf. Mc. Marin; Sf. Cuv. Teostirict imnograful	(Post)"
2017 3 18,"18 S   Sf. Chiril, Arhiep. Ierusalimului; Sf. Mc. Trofim şi Evcarpion	(Sâmbăta a III-a din Post - Pomenirea morților) (Dezlegare la ulei şi vin)"
2017 3 19,"<r>19 D   Sf. Mc. Hrisant, Daria şi Ilaria; Sf. Mc. Marian diaconul	(Dezlegare la ulei şi vin) <br><b>Duminica a III-a din Post</b>	(a Sf. Cruci); Ap. Evrei IV, 14-16; V, 1-6; Ev. Marcu VIII, 34-38; IX, 1; glas 6, voscr. 6</r>"
2017 3 20,"20 L   Sf. Cuv. Mc. ucişi în M-rea Sf. Sava cel Sfinţit; Sf. Ier. Nichita Mărturisitorul	(Post)"
2017 3 21,"21 M   Sf. Ier. Iacob Mărturisitorul; Sf. Ier. Toma; Sf. Cuv. Serapion	(Post)"
2017 3 22,"22 M   Sf. Sf. Cuv. Mc. Vasile, preotul din Ancira; Sf. Drosida, fiica împăratului Traian	(Post)"
2017 3 23,"23 J   Sf. Sf. Cuv. Mc. Nicon şi cei 199 ucenici ai lui	(Post)"
2017 3 24,"24 V   Înainteprăznuirea Bunei Vestiri; Sf. Cuv. Zaharia; Sf. Ier. Artemon	(Post)"
2017 3 25,"<r>25 S   (†) Buna Vestire (Blagoveştenia)	(Sâmbăta a IV-a din Post - Pomenirea morților) (Dezlegare la peşte)</r>"
2017 3 26,"<r>26 D   Soborul Sf. Arhanghel Gavriil;</r> <a>Sf. Mc. Montanus pr. şi soţia sa Maxima;</a> <r>Sfintii 26 de Mc. din Goţia	(Odovania Praznicului Bunei Vestiri) (Dezlegare la ulei şi vin) <br><b>Duminica a IV-a din Post</b>	(a Sf. Ioan Scărarul; Vindecarea fiului lunatic); Ap. Evrei VI, 13-20; Efeseni V, 8-19; Ev. Marcu IX, 17-32; Matei IV, 25; V, 1-12; glas 7, voscr. 7</r>"
2017 3 27,"27 L   Sf. Mc. Matroana din Tesalonic; Sf. Prooroc Anania; Sf. Mc. Filit, Lidia şi fiii lor	(Post)"
2017 3 28,"28 M   Sf. Cuv. Ilarion cel Nou; Sf. Cuv. Ştefan, făcătorul de minuni	(Post)"
2017 3 29,"29 M   Sf. Cuv. Mc. Marcu, Ep. Aretuselor; Sf. Mc. Chiril diac.; Sf. Mc. Iona si Varahisie	(Denia Canonului cel Mare) (Post)"
2017 3 30,"30 J   Sf. Cuv. Ioan Scărarul; Sf. Prooroc Ioad; Sf. Euvula	(Dezlegare la ulei şi vin)"
2017 3 31,"31 V   Sf. Mc. Ipatie, Ep. Gangrei; Sf. Acachie Mărt., Ep. Melitinei; Sf. Mc. Veniamin diac.	(Denia Acatistului Bunei Vestiri) (Post)"

2017 4 1,"1 S   Sf. Cuv. Maria Egipteanca; Sf. Cuv. Macarie Mărt.; Sf. Mc. Gherontie	(Sâmbăta a V-a din Post - Pomenirea morților) (Dezlegare la ulei şi vin)"
2017 4 2,"<r>2 D   Sf. Cuv. Tit, făcătorul de minuni; Sf. Mc. Amfian şi Edesie	(Dezlegare la ulei şi vin) <br><b>Duminica a V-a din Post</b>	(a Cuv. Maria Egipteanca); Ap. Evrei IX, 11-14; Galateni III, 23-29; Ev. Marcu X, 32-45; Luca VII, 36-50; glas 8, voscr. 8</r>"
2017 4 3,"3 L   Sf. Cuv. Nichita Mărturisitorul si Ilirie; Sf. Mc. Elpidifor	(Post)"
2017 4 4,"4 M   Sf. Cuv. Gheorghe de la Maleon, Zosima şi Platon; Iosif, imnograful	(Post)"
2017 4 5,"5 M   Sf. Mc. Claudie, Diodor, Nichifor, Serapion, Teodul şi Agatopod	(Post)"
2017 4 6,"6 J   <a>Sf. Mc. Irineu, Ep. de Sirmium;</a> Sf. Eutihie, Patr. Constantinopolului; Sf. Cuv. Platonida; Sf. Cuv. Grigorie Sinaitul şi Platonida	(Post)"
2017 4 7,"7 V   Sf. Mc. Gheorghe Mărturisitorul, Ep. Mitilenei; Sf. Mc. Caliopie, Achilina şi Rufin diac.	(Post)"
2017 4 8,"8 S   Sf. Ap. Irodion, Agav, Ruf, Flegon, Asincrit şi Hermas; Sf. Ier. Celestin, episcopul Romei	(Sâmbăta lui Lazăr - Pomenirea morților) (Dezlegare la ulei şi vin)"
2017 4 9,"<r>9 D   Sf. Mc. Eupsihie din Cezareea; Sf. Mc. Vadim arhim.	(Denia Sf. și Marii Luni) (Dezlegare la peşte) <br><b>(†) Intrarea Domnului în Ierusalim</b>	(Duminica a VI-a din Post - a Floriilor); Ap. Filipeni IV, 4-9; Ev. Ioan XII, 1-18</r>"
2017 4 10,"10 L   Sf. și Marea Luni; Sf. Mc. Terentie, Pompie, African şi Maxim; Sf. Mc. Dima	(Denia Sf. și Marii Marți) (Numai seara, pâine şi apă)"
2017 4 11,"11 M   Sf. și Marea Marți; <a>†) Sf. Ier. Calinic de la Cernica, ep. Ramnicului;</a> Sf. Sfinţit Mc. Antipa; Sf. Cuv. Trifina	(Denia Sf. și Marii Miercuri) (Numai seara, pâine şi apă)"
2017 4 12,"12 M   Sf. și Marea Miercuri; <a>†) Sf. Mc. Sava de la Buzău;</a> Sf. Ier. Vasile Mărturisitorul; Sf. Antuza	(Denia Sf. și Marii Joi) (Numai seara, pâine şi apă)"
2017 4 13,"13 J   Sf. și Marea Joi; Sf. Sfinţit Mc. Artemon; Sf. Mc. Elefterie Persul	(Pomenirea morților - Denia celor 12 Evanghelii, a Sf. și Marii Vineri) (Dezlegare la ulei şi vin)"
2017 4 14,"14 V   Sf. și Marea Vineri - Scoaterea Sf. Aer; <a>†) Sf. Ier. Pahomie de la Gledin, Ep. Romanului;</a> Sf. Martin Mărt., Ep. Romei; Sf. Mc. Tomaida	(Denia Prohodului Domnului, a Sf. și Marii Sâmbete) (Zi aliturgică) (Post negru)"
2017 4 15,"15 S   Sf. și Marea Sâmbătă; Sf. Ap. Aristarh, Pud şi Trofim; Sf. Mc. Crescent şi Vasilisa	(Post negru)"
2017 4 16,"<r>16 D   (Vecernia Învierii) <br><b>(†) Învierea Domnului (Sfintele Paști)</b>; Ap. Fapte I, 1-8; Ev. Ioan I, 1-17</r>"
2017 4 17,"<r>17 L   (†) A doua zi de Paști (Mărturia lui Ioan Botezătorul); Sf. Mc. Simeon, Ep. Persiei; Sf. Acachie, Ep. Melitinei</r>"
2017 4 18,"<r>18 M   (†) A treia zi de Paști (Drumul spre Emaus); Sf. Cuv. Ioan, ucenicul Sf. Grigorie Decapolitul; Sf. Ier. Cosma, Ep. Calcedonului; Sf. Mc Ioan din Ianina</r>"
2017 4 19,"19 M   Sf. Cuv. Ioan Paleolavritul; Sf. Sfinţit Mc. Pafnutie	(Harţi)"
2017 4 20,"20 J   <a>† Sf. Teotim, Ep. Tomisului;</a> Sf. Cuv. Teodor Trihina Atanasie si Ioasaf; Sf. Ap. Zaheu"
2017 4 21,"<r>21 V   †) Izvorul Tămăduirii; Sf. Sfinţit Mc. Ianuarie; Sf. Mc. Alexandra, împărăteasa; Sf. Mc. Filipial; Sf. Mc. Teodor din Perga (Harţi)</r>"
2017 4 22,"22 S   Sf. Ier. Teodor Sicheotul, Ep. Anastasiopolei; Sf. Ap. Natanail"
2017 4 23,"<r>23 D   †) Sf. M. Mc. Gheorghe, Purtătorul de biruinţă; Sf. Mc. Valerie <br><b>Duminica a II-a după Paști</b>	(a Sf. Ap. Toma); Ap. Fapte XII, 1-11; Fapte V, 12-20; Ev. Ioan XV, 17-27; XVI, 1-2; Ioan XX, 19-31; glas 1, voscr. 1</r>"
2017 4 24,"24 L   <a>†) Sf. Ier. Mărt.: Ilie Iorest, Sava Brancovici şi Simion Stefan, Mitr. Transilvaniei; Sf. Ier. Iosif Mărt. din Maramureş; Sf. Mc. Pasicrat şi Valentin din Durostorum;</a> Sf. Cuv. Elisabeta"
2017 4 25,"25 M   Sf. Ap. şi Ev. Marcu; <a>†) Sf. Cuv. Vasile de la Poiana Mărului</a>"
2017 4 26,"26 M   Sf. Mc. Vasile, Ep. Amasiei; Sf. Glafira; <a>Sf. Mc. Chiril, Chindeu si Tasie din Axiopolis (Cernavodă)</a>	(Dezlegare la peşte)"
2017 4 27,"27 J   Sf. Sfinţit Mc. Simeon, ruda Domnului; Sf. Ap. Aristarh, Marcu şi Zinon"
2017 4 28,"28 V   Sf. Ap. Iason şi Sosipatru; <a>Sf. Mc. Maxim, Cvintilian şi Dadas din Ozovia</a>	(Dezlegare la peşte)"
2017 4 29,"29 S   Sf. 9 Mc. din Cizic; Sf. Cuv. Memnon Mărt."
2017 4 30,"<r>30 D   Sf. Ap. Iacob, fiul lui Zevedeu; Sf. Ier. Donat, episcopul Evriei <br><b>Duminica a III-a după Paști</b>	(a Mironosițelor); Ap. Fapte VI, 1-7; Ev. Marcu XV, 43-47; XVI, 1-8; glas 2, voscr. 4</r>"

2017 5 1,"1 L   Sf. Prooroc Ieremia; Sf. Cuv. Mc. Eftimie, Ignatie şi Acachie; Sf. Cuv. Isidora"
2017 5 2,"2 M   Aducerea moaştelor Sf. Atanasie cel Mare; <a>†) Sf. Ier. Atanasie al III-lea (Patelarie), patriarhul Constantinopolului</a>"
2017 5 3,"3 M   <a>†) Sf. Cuv. Irodion de la Lainici;</a> Sf. Mc. Timotei şi soţia sa Mavra; Sf. Mc. Diodor şi Rodopian, diac.; Sf. Cuv. Teodosie (Dezlegare la peşte)"
2017 5 4,"4 J   Sf. Mc. Pelaghia; Sf. Cuv. Valerian şi Nichifor"
2017 5 5,"5 V   Sf. M. Mc. Irina; Sf. Mc. Neofit, Gaie şi Gaian	(Dezlegare la peşte)"
2017 5 6,"6 S   Sf. şi Dreptul Iov; Sf. Cuv. Mamant, Pahomie şi Ilarion"
2017 5 7,"<r>7 D   Arătarea semnului Sf. Cruci pe cer la Ierusalim; Sf. Mc. Acachie şi Codrat <br><b>Duminica a IV-a după Paști</b>	(a slăbănogului de la Vitezda); Ap. Fapte IX, 32-42; Ev. Ioan V, 1-15; glas 3, voscr. 5</r>"
2017 5 8,"8 L   †) Sf. Ap. şi Ev. Ioan; Sf. Cuv. Arsenie cel Mare; Sf. Emilia"
2017 5 9,"9 M   Aducerea moaştelor Sf. Ier. Nicolae la Bari; Sf. Prooroc Isaia; Sf. Mc. Hristofor"
2017 5 10,"10 M   Sf. Ap. Simon Zilotul; Sf. Cuv. Isihie Mărt. şi Lavrentie	(Înjumătățirea praznicului Învierii Domnului) (Dezlegare la peşte)"
2017 5 11,"11 J   Sf. Sfinţit Mc. Mochie; Sf. Chiril şi Metodie, apostolii slavilor"
2017 5 12,"12 V   <a>†) Sf. Mc. Ioan Valahul;</a> Sf. Epifanie, Arhiep. Ciprului; Sf. Gherman, Patr. Constantinopolului	(Dezlegare la peşte)"
2017 5 13,"13 S   Sf. Mc. Glicheria; Sf. Cuv. Serghie Mărt."
2017 5 14,"<r>14 D   Sf. Mc. Isidor; Sf. Sfinţit Mc. Terapont <br><b>Duminica a V-a după Paști</b>	(a Samarinencii); Ap. Fapte XI, 19-30; Ev. Ioan IV, 5-42; glas 4, voscr. 7</r>"
2017 5 15,"15 L   Sf. Cuv. Pahomie cel Mare; Sf. Cuv. Ahile, Ep. Larisei"
2017 5 16,"16 M   Sf. Cuv. Teodor cel Sfinţit; Sf. Mc. Isachie, Simeon şi Petru"
2017 5 17,"17 M   Sf. Ap. Andronic; Sf. Iunia; Sf. Cuv. Nectarie şi Teofan	(Dezlegare la peşte)"
2017 5 18,"18 J   Sf. Mc. Petru, Dionisie şi Hristina; Sf. Mc. Teodot şi cele 7 Sf. Mc. fecioare"
2017 5 19,"19 V   Sf. Sfinţit Mc. Patrichie; Sf. Mc. Chiriachi; Sf. Cuv. Memnon	(Dezlegare la peşte)"
2017 5 20,"20 S   Sf. Mc. Talaleu; Sf. Cuv. Talasie; Sf. Cuv. Marcu Pustnicul"
2017 5 21,"<r>21 D   †) Sf. Împăraţi, întocmai cu Apostolii, Constantin şi mama sa Elena <br><b>Duminica a VI-a după Paști</b>	(a orbului din naștere); Ap. Fapte XXVI, 1; 12-20; Fapte XVI, 16-34; Ev. Ioan X, 1-9; Ioan IX, 1-38; glas 5, voscr. 8</r>"
2017 5 22,"22 L   Sf. Mc. Vasilisc şi Marcel; Sf. Părinţi de la Sinodul al II-lea Ecumenic; Sf. Mc. Sofia, doctoriţa"
2017 5 23,"23 M   Sf. Cuv. Mihail Mărt., Ep. Sinadei; Sf. Maria lui Cleopa"
2017 5 24,"24 M   Odovania praznicului Învierii Domnului; Sf. Cuv. Simeon; Sf. Mc. Serapion; Sf. Mc. Marciana	(Dezlegare la peşte)"
2017 5 25,"<r>25 J   (†) Înălțarea Domnului (Ispasul); Ziua Eroilor</r>"
2017 5 26,"26 V   Sf. Ap. Carp şi Alfeu, din cei 70; Sf. Mc. Averchie şi Elena	(Dezlegare la peşte)"
2017 5 27,"27 S   <a>Sf. Mc. Iuliu Veteranul;</a> Sf. Sfinţiţi Mc. Terapont şi Eladie; Sf. Mc. Alipie; Sf. Ioan Rusul"
2017 5 28,"<r>28 D   Sf. Sfintit Mc. Eutihie, Ep. Melitinei; Sf. Cuv. Nichita Mărt., Ep. Calcedonului; Sf. Sfinţit Mc. Eutihie <br><b>Duminica a VII-a după Paști</b>	(a Sf. Părinți de la Sinodul I Ecumenic); Ap. Fapte XX, 16-18; 28-36; Ev. Ioan XVII, 1-13; glas 6, voscr. 10</r>"
2017 5 29,"29 L   Sf. Mc. Teodosia; Sf. Sfinţit Mc. Olivian şi Alexandru"
2017 5 30,"30 M   Sf. Cuv. Isaachie Mărt. şi Varlaam; Sf. Mc. Natalie"
2017 5 31,"31 M   Sf. Mc. Ermie; Sf. Mc. Eusebie şi Haralambie	(Dezlegare la peşte)"

2017 6 1,"1 J   Sf. Mc. Justin Martirul şi Filosoful; Sf. Mc. Hariton, Firm şi Valerian"
2017 6 2,"2 V   Odovania praznicului Înălțării Domnului; <a>†) Sf. M. Mc. Ioan cel Nou de la Suceava;</a> Sf. Nichifor Mărt., Patr. Constantinopolului	(Dezlegare la peşte)"
2017 6 3,"3 S   Sf. Mc. Luchilian, Ipatie, Pavel, Dionisie şi Claudie; Sf. Mc. Paula	(Pomenirea morților - Moșii de vară)"
2017 6 4,"<r>4 D</r>   <a>†) Sf. Mc.: Zotic, Atal, Camasie şi Filip de la Niculiţel;</a> <r>Duminica a VIII-a după Paşti (Duminica Mare) <br><b>(†) Pogorârea Sf. Duh (Cincizecimea sau Rusaliile);</b> Ap. Fapte II, 1-11; Ev. Ioan VII, 37-53; VIII, 12</r>"
2017 6 5,"<r>5 L   (†) Sfanta Treime</r>"
2017 6 6,"6 M   Sf. Cuv. Visarion şi Ilarion cel Nou; Sf. Mc. Ghelasie şi Valeria"
2017 6 7,"7 M   Sf. Sfinţit Mc. Teodot; Sf. Mc. Zenaida; Sf. Cuv. Sebastiana; Sf. Cuv. Antim	(Harţi)"
2017 6 8,"8 J   <a>Sf. Mc. Nicandru şi Marcian;</a> Aducerea moaştelor Sf. M. Mc. Teodor Stratilat"
2017 6 9,"9 V   Sf. Chiril al Alexandriei; Sf. Mc. Tecla, Mariamni, Marta, Maria şi Enata	(Harţi)"
2017 6 10,"10 S   Odovania praznicului Pogorârii Sf. Duh; Sf. Sfinţit Mc. Timotei, Ep. Prusiei; Sf. Mc. Alexandru şi Antonina"
2017 6 11,"<r>11 D   Sf. Ap. Bartolomeu şi Barnava; Sf. Ier. Luca, arhiep. Crimeii	(Lăsatul secului pentru Postul Sf. Ap. Petru și Pavel) <br><b>Duminica I după Rusalii</b>	(a Tuturor Sfinților); Ap. Evrei XI, 33-40; XII, 1-2; Ev. Matei X, 32-35; 37-38; XIX, 27-30; glas 8, voscr. 1</r>"
2017 6 12,"12 L   Sf. Cuv. Onufrie cel Mare şi Petru Atonitul	(Începutul Postului Sf. Ap. Petru și Pavel) (Post)"
2017 6 13,"13 M   Sf. Mc. Achilina; Sf. Trifilie, Ep. Levcosiei din Cipru	(Dezlegare la ulei şi vin)"
2017 6 14,"14 M   Sf. Prooroc Elisei; Sf. Metodie, Patr. Constantinopolului; Sf. Cuv. Iulita	(Post)"
2017 6 15,"15 J   Sf. Prooroc Amos; <a>Sf. Mc. Isihie;</a> Fer. Ieronim şi Augustin	(Dezlegare la ulei şi vin)"
2017 6 16,"16 V   Sf. Tihon, Ep. Amatundei; Sf. Sfinţit Mc. Marcu	(Post)"
2017 6 17,"17 S   Sf. Mc. Manuil, Savel şi Ismail	(Dezlegare la peşte)"
2017 6 18,"<r>18 D   Sf. Mc. Leontie, Ipatie şi Teodul; Sf. Cuv. Erasm	(Dezlegare la peşte) <br><b>Duminica a II-a după Rusalii</b>	(a Sf. Români; Chemarea primilor Apostoli); Ap. Romani II, 10-16; Ev. Matei IV, 18-23; glas 1, voscr. 2</r>"
2017 6 19,"19 L   Sf. Ap. Iuda, ruda Domnului; Sf. Cuv. Paisie cel Mare	(Post) (Dezlegare la peşte)"
2017 6 20,"20 M   Sf. Mc. Metodie, Ep. Patarelor; Sf. Calist, Patr. Constantinopolului	(Dezlegare la ulei şi vin)"
2017 6 21,"21 M   Sf. Mc. Iulian din Tars şi Afrodisie	(Post)"
2017 6 22,"22 J   <a>†) Sf. Ier. Grigorie Dascălu, Mitr. Ţării Româneşti;</a> Sf. Sfinţit Mc. Eusebie; Sf. Mc. Zenon, Zina şi Galaction	(Dezlegare la peşte)"
2017 6 23,"23 V   Sf. Mc. Agripina; Sf. Mc. Aristocleu pr.	(Post)"
2017 6 24,"<r>24 S   (†) Naşterea Sf. Ioan Botezătorul (Sânzienele); †) Sf. Niceta de Remesiana; Aducerea moaştelor Sf. M. Mc. Ioan cel Nou de la Suceava;</r> <a>†)Sf. Ier. Niceta de Remesiana</a>	<r>(Dezlegare la peşte)</r>"
2017 6 25,"<r>25 D   Sf. M. Mc. Fevronia; Sf. Cuv. Dionisie şi Dometie	(Dezlegare la peşte) <br><b>Duminica a III-a după Rusalii</b>	(Despre grijile vieții); Ap. Romani V, 1-10; Ev. Matei VI, 22-23; glas 2, voscr. 3</r>"
2017 6 26,"26 L   Sf. Cuv. David din Tesalonic; Sf. Ioan, Ep. Goţiei	(Post)"
2017 6 27,"27 M   Sf. Cuv. Samson, primitorul de străini; Sf. Mc. Anect; Sf. Ioana Mironosiţa	(Dezlegare la ulei şi vin)"
2017 6 28,"28 M   Aflarea moaştelor Sf. Mc., doctori fără de arginţi, Chir şi Ioan; Sf. Mc. Papia	(Post)"
2017 6 29,"<r>29 J   (†) Sf. Ap. Petru şi Pavel</r>"
2017 6 30,"30 V   † Soborul celor 12 Sf. Ap.; <a>†) Sf. Ier. Ghelasie de la Râmeţ</a>	(Post) (Dezlegare la peşte)"

2017 7 1,"1 S   <a>†) Sf. Ier. Leontie de la Rădăuţi;</a> Sf. Mc., doctori fără de arginţi, Cosma şi Damian"
2017 7 2,"<r>2 D   † Aducerea veşmântului Născătoarei de Dumnezeu în Vlaherne;</r> <a>†) Sf. Voievod Ştefan cel Mare;</a> <r>Sf. Ier. Iuvenalie, patriarhul Ierusalimului <br><b>Duminica a IV-a după Rusalii</b>	(Vindecarea slugii sutașului); Ap. Romani VI, 18-23; Ev. Matei VIII, 5-13; Ioan XVII, 1-13; glas 3, voscr. 4</r>"
2017 7 3,"3 L   Sf. Mc. Iachint; Sf. Anatolie, Patr. Constantinopolului"
2017 7 4,"4 M   Sf. Andrei, Arhiep. Cretei; Sf. Cuv. Marta"
2017 7 5,"5 M   † Sf. Cuv. Atanasie Atonitul; Sf. Cuv. Mc. Ciprian; Sf. Cuv. Lampadie	(Post)"
2017 7 6,"6 J   Sf. Cuv. Sisoe cel Mare; Sf. Mc. Lucia; Sf. Mc. Astie, episcopul Dirahiei"
2017 7 7,"7 V   Sf. M. Mc. Chiriachi; Sf. Cuv. Toma din Maleon şi Acachie; Sf. Mc. Evanghel	(Post)"
2017 7 8,"8 S   Sf. M. Mc. Procopie şi Sf. Mc. Teodosia, mama sa; <a>† Sf. Mc. Epictet şi Astion</a>"
2017 7 9,"<r>9 D   Sf. Sfinţiţi Mc. Pangratie şi Chiril; Sf. Mc. Andrei şi Prov <br><b>Duminica a V-a după Rusalii</b>	(Vindecarea celor doi demonizați din ținutul Gadarei); Ap. Romani X, 1-10; Ev. Matei VIII, 28-34; IX, 1; glas 4, voscr. 5</r>"
2017 7 10,"10 L   Sf. 45 de Mc. din Nicopolea Armeniei; Sf. Mc. Apolonie, Vianor şi Siluan"
2017 7 11,"11 M   Sf. M. Mc. Eufimia; Sf. Olga, împărăteasa Rusiei; Sf. Cuv. Leon din Mandra"
2017 7 12,"12 M   <a>(†) Cinstirea Sfintei Icoane Prodromiţa de la Muntele Athos;</a> Sf. Mc. Proclu şi Ilarie; Sf. Veronica; Sf. Cuv. Mihai Maleinul (Post) (Dezlegare la peşte)"
2017 7 13,"13 J   Soborul Sf. Arhanghel Gavriil; Sf. Cuv. Ştefan Savaitul; Sf. Mc. Golinduhia din Persia; Sf. Cuv. Sara"
2017 7 14,"14 V   Sf. Ap. Achila; Sf. Mc. Iust şi Iraclie; Sf. Cuv. Nicodim Aghioritul	(Post)"
2017 7 15,"15 S   Sf. Mc. Chiric şi Iulita; Sf. Cuv. Iosif, Arhiep. Tesalonicului; Sf. Vladimir, Luminătorul Rusiei"
2017 7 16,"<r>16 D   Sf. Sfinţit Mc. Atinoghen cu cei 10 ucenici ai săi; Sf. Mc. Avudim şi Faust <br><b>Duminica a VI-a după Rusalii</b>	(a Sf. Părinţi de la Sinodul al IV-lea Ecumenic; Vindecarea slăbănogului din Capernaum); Ap. Romani XII, 6-14; Ev. Matei IX, 1-8; glas 5, voscr. 6</r>"
2017 7 17,"17 L   Sf. M. Mc. Marina; Sf. Ier. Eufrasie"
2017 7 18,"18 M   <a>†) Sf. Mc. Emilian de la Durostor;</a> Sf. Cuv. Pamvo; Sf. Mc. Iachint, Pavel şi Valentina"
2017 7 19,"19 M   Sf. Cuv. Macrina, sora Sf. Vasile cel Mare; Sf. Cuv. Dias; Aflarea moaştelor Sf. Cuv. Serafim de Sarov	(Post)"
2017 7 20,"<r>20 J   †) Sf. Slăvitul Prooroc Ilie Tesviteanul</r>"
2017 7 21,"21 V   Sf. Cuv. Simeon şi Ioan Pustnicul; Sf. Prooroc Iezechiel; <a>†) Sf. Cuv. Rafail şi Partenie de la Agapia</a>	(Post)"
2017 7 22,"22 S   Sf. Mironosiţă, întocmai cu Apostolii, Maria Magdalena; Sf. Cuv. Mc. Marcela"
2017 7 23,"<r>23 D   Aducerea Moaştelor Sf. Sfinţit Mc. Foca; Sf. Mc. Apolinarie, episcopul Ravenei; Sf. Mc. Vitalie şi Valeria; Sf. Mc. Trofim şi Teofil <br><b>Duminica a VII-a după Rusalii</b>	(Vindecarea a doi orbi și a unui mut din Capernaum); Ap. Romani XV, 1-7; Ev. Matei IX, 27-35; Ioan XVII, 1-13; glas 6, voscr. 7</r>"
2017 7 24,"24 L   Sf. M. Mc. Hristina; Sf. Mc. Ermoghen"
2017 7 25,"25 M   Adormirea Sf. Ana, mama Preasfintei Născatoare de Dumnezeu; Sfintii Părinţi de la Sinodul al IV-lea Ecumenic; Sf. Cuv. Olimpiada şi Eupraxia"
2017 7 26,"26 M   <a>†) Sf. Cuv. Ioanichie cel Nou de la Muscel;</a> Sf. Sfinţit Mc. Ermolae; Sf. Mc. Paraschevi din Roma	(Post)"
2017 7 27,"27 J   † Sf. M. Mc. şi Tămăduitor Pantelimon; Sf. Cuv. Antuza"
2017 7 28,"28 V   Sf. Ap. şi diac. Prohor, Nicanor, Timon şi Parmena, dintre cei 70; Sf. Cuv. Pavel de la Xiropotamu	(Post)"
2017 7 29,"29 S   Sf. Mc. Calinic, Mamant şi Veniamin; Sf. Mc. Teodota cu fiii săi"
2017 7 30,"<r>30 D   Sf. Ap. Sila, Silvan, Crescent, Epenet şi Andronic; Sf. Mc. Iulita; Sf. Mc. Valentin, Ep. Umbriei <br><b>Duminica a VIII-a după Rusalii</b>	(Înmulțirea pâinilor); Ap. I Corinteni I, 10-17; Ev. Matei XIV, 14-22; glas 7, voscr. 8</r>"
2017 7 31,"31 L   Înainteprăznuirea scoaterii Sf. Cruci; Sf. şi Dreptul Evdochim; Sf. Iosif din Arimateea	(Lăsatul secului pentru Postul Adormirii Maicii Domnului)"

2017 8 1,"1 M   Scoaterea Sf. Cruci; Sf. 7 Mc. Macabei	(Dezlegare la ulei şi vin)"
2017 8 2,"2 M   Aducerea moaştelor Sf. Întâiul Mc. şi Arhid. Ştefan; Dreptul Gamaliel; Binecredinciosul Împărat Justinian cel Mare	(Post)"
2017 8 3,"3 J   Sf. Cuv. Isaachie, Dalmat şi Faust; Sf. Mironosiţă Salomeea; Sf. Cuv. Teodora din Tesalonic	(Post)"
2017 8 4,"4 V   Sf. 7 tineri din Efes; Sf. Mc. Tatuil; Aducerea moaştelor Sf. Cuv. Mc. Evdochia	(Post)"
2017 8 5,"5 S   Înainteprăznuirea Schimbării la Faţă a Domnului; <a>†) Sf. Cuv. Ioan Iacob de la Neamţ;</a> Sf. Mc. Evsignie; Sf. Ier. Fabian, episcopul Romei	(Dezlegare la ulei şi vin)"
2017 8 6,"<r>6 D   (†) Schimbarea la Faţă a Domnului (Pobrejenia)	(Dezlegare la peşte) <br><b>Duminica a IX-a după Rusalii</b>	(a Sf. Părinți de la primele șase Sinoade Ecumenice; Umblarea pe mare - potolirea furtunii); Ap. II Petru I, 10-17; I Corinteni III, 9-17; Ev. Matei XVII, 1-9; Matei XIV, 22-34; glas 8, voscr. 9</r>"
2017 8 7,"7 L   <a>†) Sf. Cuv. Teodora de la Sihla;</a> Sf. Cuv. Mc. Dometie Persul; Sf. Ier. Narcis, arhiepiscopul Ierusalimului; Sf. Irina împarateasa	(Post)"
2017 8 8,"8 M   Sf. Emilian Mărt. Ep. Cizicului; Sf. Miron, Ep. Cretei	(Post)"
2017 8 9,"9 M   † Sf. Ap. Matia; Sf. 10 Mc. Mărt. pentru icoana lui Hristos; Sf. Mc. Antonin	(Post)"
2017 8 10,"10 J   Sf. Mc. Arhid. Lavrentie; Sf. Sfinţit Mc. Sixt, Ep. Romei; Sf. Mc. Ipolit	(Post)"
2017 8 11,"11 V   <a>†) Sf. Nifon, Patr. Constantinopolului;</a> Sf. M. Mc. Evplu, arhid.	(Post)"
2017 8 12,"12 S   Sf. Mc. Fotie, Anichit, Pamfil şi Capiton; Sf. Cuv. Palamon	(Dezlegare la ulei şi vin)"
2017 8 13,"<r>13 D   Mutarea moaştelor Sf. Cuv. Maxim Mărt.; Sf. Cuv. Dorotei şi Dositei	(Odovania Praznicului Schimbării la Faţă a Domnului) (Dezlegare la ulei şi vin) <br><b>Duminica a X-a după Rusalii</b>	(Vindecarea lunaticului); Ap. I Corinteni IV, 9-16; Ev. Matei XVII, 14-23; glas 1, voscr. 10</r>"
2017 8 14,"14 L   Înainteprăznuirea Adormirii Maicii Domnului; Sf. Prooroc Miheia	(Prohodul Maicii Domnului) (Post)"
2017 8 15,"<r>15 M   (†) Adormirea Maicii Domnului</r>"
2017 8 16,"16 M   Sf. Mahramă a Domnului; <a>†) Sf. Martiri Brâncoveni Constantin Vodă cu cei 4 fii ai săi: Constantin, Ştefan, Radu, Matei şi sfetnicul Ianache; †) Sf. Cuv. Iosif de la Văratec</a>	(Post)"
2017 8 17,"17 J   Sf. Sfinţit Mc. Miron; Sf. Mc. Straton, Ciprian şi Tirs"
2017 8 18,"18 V   Sf. Mc. Flor, Lavru, Polien şi Leon	(Post)"
2017 8 19,"19 S   Sf. Mc. Andrei Stratilat; Sf. Cuv. Timotei, Agapie şi Tecla"
2017 8 20,"<r>20 D   Sf. Prooroc Samuel; Sf. Mc. Sever , Eliodor şi Teoharie <br><b>Duminica a XI-a după Rusalii</b>	(Pilda datornicului nemilostiv); Ap. I Corinteni IX, 2-12; Ev. Matei XVIII, 23-35; glas 2, voscr. 11</r>"
2017 8 21,"21 L   Sf. Ap. Tadeu; Sf. Mc. Vasa; <a>Sf. Mc. Donat diac., Romul pr., Silvan diac. şi Venust</a>"
2017 8 22,"22 M   Sf. Mc. Agatonic, Zotic, Zinon, Teoprepie, Achindin şi Severian"
2017 8 23,"23 M   <a>Sf. Mc. Lup;</a> Sf. Sfinţit Mc. Irineu, episcopul de Lugdunum	(Odovania Praznicului Adormirii Maicii Domnului) (Post)"
2017 8 24,"24 J   Sf. Sfinţit Mc. Eutihie şi Cosma Etolul; Sf. Mc. Tation"
2017 8 25,"25 V   Aducerea moaştelor Sf. Ap. Bartolomeu; Sf. Ap. Tit	(Post)"
2017 8 26,"26 S   Sf. Mc. Adrian şi Natalia, soţia sa; Sf. Mc. Atic"
2017 8 27,"<r>27 D   Sf. Cuv. Pimen cel Mare; Sf. Mc. Eutalia, Fanurie şi Osie, Ep. Cordovei <br><b>Duminica a XII-a după Rusalii</b>	(Tânărul bogat); Ap. I Corinteni XV, 1-11; Ev. Matei XIX, 16-26; glas 3, voscr. 1</r>"
2017 8 28,"28 L   Sf. Cuv. Moise Etiopianul; Dreptul Iezechia; Sf. Mc. Diomid; Sf. Ana Proorociţa, fiica lui Fanuel"
2017 8 29,"<r>29 M   (†) Tăierea Capului Sf. Prooroc Ioan Botezătorul; Sf. Cuv. Teodora	(Dezlegare la ulei şi vin)</r>"
2017 8 30,"30 M   <a>†) Sf. Ier. Varlaam, Mitropolitul Moldovei şi Sf. Cuv. Ioan de la Râşca şi Secu, episcopul Romanului;</a> Sf. Ier. Alexandru, Ioan şi Pavel cel Nou, Patr. Constantinopolului	(Post)"
2017 8 31,"31 J   Aşezarea în raclă a cinstitului brâu al Maicii Domnului; Sf. Mc. Andrei, Iraclie, Faust şi Mina"

2017 9 1,"1 V   <a>†) Sf. Cuv. Dionisie Exiguul;</a> Sf. Cuv. Simeon Stâlpnicul şi Marta, mama sa; Sf. 40 de Muceniţe din Adrianopol	(Începutul anului bisericesc) (Post)"
2017 9 2,"2 S   Sf. Mc. Mamant; S. Ier. Ioan Postitorul, Patr. Constantinopolului"
2017 9 3,"<r>3 D   Sf. Mc. Antim, Ep. Nicomidiei; Sf. Cuv. Teoctist <br><b>Duminica a XIII-a după Rusalii</b>	(Pilda lucrătorilor răi); Ap. I Corinteni XVI, 13-24; Ev. Matei XXI, 33-44; glas 4, voscr. 2</r>"
2017 9 4,"4 L   Sf. Mc. Vavila, Ep. Antiohiei; Sf. Prooroc Moise; Sf. Mc. Petroniu"
2017 9 5,"5 M   Sf. Prooroc Zaharia şi Dreapta Elisabeta, părinţii Sf. Ioan Botezătorul; Sf. Mc. Urban"
2017 9 6,"6 M   Pomenirea minunii Sf. Arhanghel Mihail în Colose; Sf. Mc. Eudoxie şi Macarie	(Post)"
2017 9 7,"7 J   Înainteprăznuirea Naşterii Maicii Domnului; Sf. Mc. Sozont; <a>†) Sf. Cuv. Simeon şi Amfilohie de la Pângăraţi</a>"
2017 9 8,"<r>8 V   (†) Naşterea Maicii Domnului	(Dezlegare la peşte)</r>"
2017 9 9,"9 S   Sf. şi Drepţii părinţi Ioachim şi Ana; <a>†) Sf. Sf. Cuv. Onufrie de la Vorona şi Sf. Cuv. Chiriac de la Tazlău</a>	(Sâmbăta dinaintea Înălțării Sf. Cruci)"
2017 9 10,"<r>10 D   Sf. Mc. Minodora, Mitrodora şi Nimfodora; Sf. Pulheria împărăteasa <br><b>Duminica dinaintea Înălțării Sf. Cruci</b>	(Convorbirea lui Iisus cu Nicodim); Ap. Galateni VI, 11-18; Ev. Ioan III, 13-17; glas 5, voscr. 3</r>"
2017 9 11,"11 L   Sf. Cuv. Teodora din Alexandria; Sf. Cuv. Eufrosin"
2017 9 12,"12 M   Sf. Mc. Avtonom, Macedonie şi Teodul	(Odovania Praznicului Naşterii Maicii Domnului)"
2017 9 13,"13 M   Înainteprăznuirea Înălţării Sf. Cruci; Sf. Sfinţiţi Mc. Corneliu Sutaşul si Ciprian, episcopul Cartaginei; <a>†) Sf. Cuv. Ioan de la Prislop;</a> Sf. Mc. din Dobrogea: Macrobie, Gordian, Ilie, Zotic, Lucian şi Valerian	(Post)"
2017 9 14,"<r>14 J   (†) Înălţarea Sf. Cruci	(Dezlegare la ulei şi vin)</r>"
2017 9 15,"15 V   <a>†) Sf. Ier. Iosif cel Nou de la Partoş, mitropolitul Banatului;</a> Sf. M. Mc. Nichita Romanul; Sf. Ier. Visarion, ep. Larisei	(Post)"
2017 9 16,"16 S   Sf. M. Mc. Eufimia; Sf. Mc. Meletina şi Ludmila	(Sâmbăta după Înălțarea Sf. Cruci)"
2017 9 17,"<r>17 D   Sf. Mc. Sofia şi fiicele sale: Pistis, Elpis şi Agapi <br><b>Duminica după Înălțarea Sf. Cruci</b>	(Luarea Crucii și urmarea lui Hristos); Ap. Galateni II, 16-20; Ev. Marcu VIII, 34-38; IX, 1; glas 6, voscr. 4</r>"
2017 9 18,"18 L   Sf. Eumenie, Ep. Gortinei; Sf. Mc. Ariadna şi Castor"
2017 9 19,"19 M   Sf. Mc. Trofim, Savatie şi Dorimedont"
2017 9 20,"20 M   Sf. M. Mc. Eustatie şi soţia sa Teopista cu cei 2 fii: Agapie şi Teopist	(Post)"
2017 9 21,"21 J   Sf. Ap. Codrat; Sf. Prooroc Iona	(Odovania Praznicului Înălţării Sf. Cruci)"
2017 9 22,"22 V   <a>†) Sf. Ier. Mc. Teodosie de M-rea Brazi, mitropolitul Moldovei;</a> Sf. Sfinţit Mc. Foca; Sf. Mc. Isaac; Sf. Martin	(Post)"
2017 9 23,"23 S   † Zămislirea Sf. Prooroc Ioan Botezătorul; Sf. Cuv. Xantipa şi Polixenia"
2017 9 24,"<r>24 D   Sf. M. Mc., întocmai cu apostolii, Tecla; Sf. Cuv. Siluan Athonitul <br><b>Duminica a XVIII-a după Rusalii</b>	(Pescuirea minunată); Ap. II Corinteni IX, 6-11; Ev. Luca V, 1-11; glas 7, voscr. 5</r>"
2017 9 25,"25 L   Sf. Cuv. Eufrosina; Sf. Cuv. Pafnutie Egipteanul; Sf. Cuv. Serghie de la Radonej"
2017 9 26,"26 M   †) Adormirea Sf. Ap. şi Ev. Ioan; <a>†) Sf. Voievod Neagoe Basarab;</a> Dreptul Ghedeon"
2017 9 27,"27 M   <a>†) Sf. Ier. Martir Antim Ivireanul, mitropolitul Ţarii Romaneşti;</a> Sf. Mc. Calistrat şi Epiharia	(Post)"
2017 9 28,"28 J   † Sf. Cuv. Hariton Mărt.; Sf. Prooroc Baruh"
2017 9 29,"29 V   Sf. Cuv. Chiriac Sihastrul; Sf. Mc. Trifon, Gudelia şi Petronia	(Post)"
2017 9 30,"30 S   Sf. Mc. Grigorie Luminătorul, Ep. Armeniei; Sf. Mc. Ripsimia şi Gaiani"

2017 10 1,"<r>1 D   (†) Acoperământul Maicii Domnului; Sf. Ap. Anania; Sf. Cuv. Roman Melodul;</r> <a>†) Sf. Cuv. Iosif şi Chiriac de la Bisericani</a> <br><r><b>Duminica a XIX-a după Rusalii</b>	(Predica de pe munte - iubirea vrăjmașilor); Ap. II Corinteni XI, 31-33; XII, 1-9; Ev. Luca VI, 31-36; glas 8, voscr. 6</r>"
2017 10 2,"2 L   Sf. Sfinţit Mc. Ciprian; Sf. Mc. Iustina fecioara"
2017 10 3,"3 M   Sf. Sfinţit Mc. Dionisie Areopagitul; Sf. Mc. Teoctist"
2017 10 4,"4 M   Sf. Mc. Ierotei, Ep. Atenei; Sf. Mc. Domnina, Audact şi Calistena	(Post)"
2017 10 5,"5 J   Sf. Mc. Haritina şi Mamelta"
2017 10 6,"6 V   Sf. Ap. Toma; Sf. Mc. Erotiida	(Post)"
2017 10 7,"7 S   † Sf. M. Mc. Serghie şi Vah; Sf. Mc. Iulian, Chesarie şi Polihronie"
2017 10 8,"<r>8 D   Sf. Cuv. Pelaghia şi Taisia <br><b>Duminica a XX-a după Rusalii</b>	(Învierea fiului văduvei din Nain); Ap. Galateni I, 11-19; Ev. Luca VII, 11-16; glas 1, voscr. 7</r>"
2017 10 9,"9 L   Sf. Ap. Iacob al lui Alfeu; Sf. Cuv. Andronic şi Atanasia"
2017 10 10,"10 M   Sf. Mc. Evlampie şi Evlampia, sora lui; Sf. Cuv. Vasian şi Teofil Mărt."
2017 10 11,"11 M   Sf. Ap. Filip, unul din cei 7 diac.; Sf. Cuv. Teofan Mărt.; Sf. Mc. Zenaida şi Filonila	(Post)"
2017 10 12,"12 J   Sf. Mc. Prov, Tarah şi Andronic; Sf. Cosma, Ep. Maiumei"
2017 10 13,"13 V   <a>† Aducerea moaştelor Sf. Ap. Andrei la Iaşi;</a> Sf. Mc. Carp, Papil, Agatodor, Agatonica şi Florentie	(Post)"
2017 10 14,"<r>14 S   †) Sf. Cuv. Parascheva de la Iaşi; Sf. Mc. Nazarie, Ghervasie, Protasie şi Chelsie</r>"
2017 10 15,"<r>15 D   Sf. Sfinţit Mc. Luchian; Sf. Savin şi Vars, Ep.; Sf. Cuv. Eftimie cel Nou <br><b>Duminica a XXI-a după Rusalii</b>	(a Sf. Părinţi de la Sinodul al VII-lea Ecumenic; Pilda Semănătorului); Ap. Galateni II, 16-20; Tit III, 8-15; Ev. Luca VIII, 5-15; Ioan XVII, 1-13 (Rugaciunea lui Iisus); glas 2, voscr. 8</r>"
2017 10 16,"16 L   Sf. Mc. Longhin Sutaşul; Sf. Mc. Domnin"
2017 10 17,"17 M   Sf. Prooroc Oseea; Sf. Cuv. Mc. Andrei Criteanul"
2017 10 18,"18 M   Sf. Ap. şi Ev. Luca; Sf. Mc. Marin cel Bătrân	(Post)"
2017 10 19,"19 J   Sf. Prooroc Ioil; Sf. Mc. Uar, Felix pr. şi Eusebiu diac.; Sf. Cleopatra; Sf. Cuv. Ioan de la Rila"
2017 10 20,"20 V   Sf. M. Mc. Artemie; Sf. Cuv. Matrona	(Post)"
2017 10 21,"21 S   <a>†) Sf. Cuv. Mărt. Visarion, Sofronie şi Sf. Mc. Oprea; Sf. Pr. Mărt. Ioan din Galeş şi Moise Măcinic din Sibiel;</a> Sf. Cuv. Ilarion cel Mare"
2017 10 22,"<r>22 D   Sf. Ier., întocmai cu apostolii, Averchie; Sf. 7 tineri din Efes <br><b>Duminica a XXIII-a după Rusalii</b>	(Vindecarea demonizaților din ținutul Gherghesenilor); Ap. Efeseni II, 4-10; Ev. Luca VIII, 26-39; glas 3, voscr. 9</r>"
2017 10 23,"23 L   Sf. Ap. Iacob, ruda Domnului; Sf. Ignatie, Patr. Constantinopolului; Sf. Cuv. Petroniu"
2017 10 24,"24 M   Sf. M. Mc. Areta; Sf. Mc. Sevastiana şi Valentin"
2017 10 25,"25 M   Sf. Mc. Marcian şi Martirie, Valerie şi Hrisaf; Sf. Tavita	(Post)"
2017 10 26,"<r>26 J   †) Sf. Mare Mc. Dimitrie, Izvorâtorul de mir</r>"
2017 10 27,"<r>27 V   †) Sf. Cuv. Dimitrie cel Nou, Ocrotitorul Bucureştilor, ale cărui moaşte se află în Catedrala Patriarhală; Sf. Mc. Nestor (Post)</r>"
2017 10 28,"28 S   <a>†) Sf. Ier. Iachint, Mitropolitul Ţării Româneşti;</a> Sf. Mc. Terentie, soţia sa Neonila şi cei 7 fii; Sf. Ier. Firmilian, ep."
2017 10 29,"<r>29 D   Sf. Cuv. M. Mc. Anastasia Romana; Sf. Cuv. Avramie <br><b>Duminica a XXIV-a după Rusalii</b>	(Învierea fiicei lui Iair); Ap. Efeseni II, 14-22; Ev. Luca VIII, 41-56; glas 4, voscr. 10</r>"
2017 10 30,"30 L   Sf. Mc. Zenovie, Ep., şi Zenovia, sora sa; Sf. Ap. Cleopa"
2017 10 31,"31 M   Sf. Ap. Apelie, Stahie, Amplie, Urban, Aristobul şi Narcis; Sf. Mc. Epimah"

2017 11 1,"1 M   Sf. doctori fără de arginţi Cosma şi Damian, din Asia	(Post)"
2017 11 2,"2 J   Sf. Mc. Achindin, Pigasie, Elpifidor, Aftonie şi Anempodist"
2017 11 3,"3 V   Sf. Mc. Achepsima Ep., Iosif pr. şi Aitala diac.; Aşezarea moaştelor Sf. M. Mc. Gheorghe în Lida	(Post)"
2017 11 4,"4 S   Sf. Cuv. Ioanichie cel Mare; Sf. Mc. Nicandru Ep. şi Ermeu pr."
2017 11 5,"<r>5 D   Sf. Mc. Galaction şi Epistimia; Sf. Ier. Grigorie, arhiepiscopul Alexandriei <br><b>Duminica a XXII-a după Rusalii</b>	(Bogatul nemilostiv și săracul Lazăr); Ap. Galateni VI, 11-18; Ev. Luca XVI, 19-31; glas 5, voscr. 11</r>"
2017 11 6,"6 L   Sf. Pavel Mărt., Patr. Constantinopolului; Sf. Cuv. Luca din Sicilia"
2017 11 7,"7 M   Sf. 33 de Mc. din Melitina; Sf. Cuv. Lazăr din Muntele Galison"
2017 11 8,"<r>8 M   †) Soborul Sf. Arhangheli Mihail şi Gavriil şi al tuturor cereştilor puteri	(Dezlegare la ulei şi vin)</r>"
2017 11 9,"9 J   <a>Sf. Mc. Claudiu, Castor, Sempronian şi Nicostrat;</a> Sf. Mc. Onisifor şi Porfirie; Sf. Ier. Nectarie din Eghina"
2017 11 10,"10 V   Sf. Ap. Rodion, Olimp, Erast şi Sosipatru, Terţiu şi Cvart; Sf. Mc. Orest	(Post)"
2017 11 11,"11 S   † Sf. M. Mc. Mina; Sf. Mc. Victor, Vichentie şi Ştefanida; Sf. Cuv. Teodor Studitul"
2017 11 12,"<r>12 D</r>   <a>†) Sf. Martiri şi Mărturisitori Năsăudeni: Atanasie Todoran din Bichigiu, Vasile din Mocod, Grigore din Zagra şi Vasile din Telciu;</a> <r>Sf. Ioan cel Milostiv, Patr. Alexandriei; Sf. Cuv. Nil Pustnicul <br><b>Duminica a XXV-a după Rusalii</b>	(Pilda samarineanului milostiv); Ap. Efeseni IV, 1-7; Ev. Luca X, 25-37; glas 6, voscr. 1</r>"
2017 11 13,"13 L   †) Sf. Ier. Ioan Gură de Aur, Arhiep. Constantinopolului; Sf. Cuv. Mc. Damaschin"
2017 11 14,"14 M   Sf. Ap. Filip; Sf. Ier. Gridorie Palama, arhiep. Tesalonicului"
2017 11 15,"15 M   <a>†) Sf. Cuv. Paisie de la Neamţ;</a> Sf. Mc. şi Mărt. Gurie, Samona şi Aviv	(Inceputul Postului Naşterii Domnului)(Post)"
2017 11 16,"16 J   Sf. Ap. şi Ev. Matei	(Dezlegare la ulei şi vin)"
2017 11 17,"17 V   Sf. Ier. Grigorie Taumaturgul, Ep. Neocezareei şi Ghenadie, patriarhul Constantinopolului; Sf. Cuv. Mărt. Lazăr Zugravul (Post)"
2017 11 18,"18 S   Sf. M. Mc. Platon; Sf. Mc. Roman şi Zaheu, diac.	(Dezlegare la ulei şi vin)"
2017 11 19,"<r>19 D   Sf. Prooroc Avdie; Sf. Sfinţit Mc. Varlaam	(Dezlegare la ulei şi vin) <br><b>Duminica a XXVI-a după Rusalii</b>	(Pilda bogatului căruia i-a rodit țarina); Ap. Efeseni V, 9-19; Ev. Luca XII, 16-21; glas 7, voscr. 2</r>"
2017 11 20,"20 L   Înainteprăznuirea intrării în Biserică a Maicii Domnului; <a>†) Sf. Cuv. Grigorie Decapolitul; Sf. Mc. Dasie;</a> Sf. Proclu, Patr. Constantinopolului	(Post)"
2017 11 21,"<r>21 M   (†) Intrarea în Biserică a Maicii Domnului (Vovidenia)	(Post) (Dezlegare la peşte)</r>"
2017 11 22,"22 M   Sf. Ap. Filimon, Arhip şi Onisim; Sf. Mc. Cecilia	(Post)"
2017 11 23,"23 J   †) Sf. Cuv. Antonie de la Iezerul-Vâlcea; Sf. Ier. Amfilohie, ep. Iconiei, şi Grigorie, ep. Acragandelor	(Dezlegare la peşte)"
2017 11 24,"24 V   Sf. Mc. Clement, Ep. Romei şi Petru, Ep. Alexandriei	(Post)"
2017 11 25,"25 S   †) Sf. M. Mc. Ecaterina; Sf. M. Mc. Mercurie	(Odovania Praznicului intrării în Biserică a Maicii Domnului) (Dezlegare la peşte)"
2017 11 26,"<r>26 D   Sf. Cuv. Alipie Stâlpnicul, Nicon şi Stelian Paflagonul	(Dezlegare la peşte) <br><b>Duminica a XXX-a după Rusalii</b>	(Dregătorul bogat - păzirea poruncilor); Ap. Coloseni III, 12-16; Ev. Luca XVIII, 18-27; glas 8, voscr. 3</r>"
2017 11 27,"27 L   Sf. M. Mc. Iacob Persul; Sf. Cuv. Natanail şi Pinufrie	(Post)"
2017 11 28,"28 M   Sf. Sf. Cuv. Ştefan cel Nou; Sf. Mc. Irinarh	(Dezlegare la ulei şi vin)"
2017 11 29,"29 M   Sf. Mc. Paramon şi Filumen; Sf. Cuv. Pitirun	(Post)"
2017 11 30,"<r>30 J   †) Sf. Ap. Andrei, cel Întâi Chemat, Ocrotitorul României;</r> <a>†) Sf. Ier. Andrei Şaguna, mitropolitul Transilvaniei;</a> <r>Sf. Ier. Frumentie, Ep. Etiopiei	(Dezlegare la peşte)</r>"

2017 12 1,"1 V   Sf. Prooroc Naum; Sf. Cuv. Filaret Milostivul	(Ziua Naţională a României) (Post)"
2017 12 2,"2 S   Sf. Prooroc Avacum; Sf. Mc. Miropa; Sf. Solomon, Arhiep. Efesului	(Dezlegare la peşte)"
2017 12 3,"<r>3 D</r>   <a>†) Sf. Sf. Cuv. Gheorghe de la Cernica şi Căldaruşani;</a> <r>Sf. Prooroc Sofronie; Sf. Mc. Teodor, Arhiep. Alexandriei	(Dezlegare la peşte) <br><b>Duminica a XVI-a după Rusalii</b>	(Pilda talanților); Ap. II Corinteni VI, 1-10; Ev. Matei XXV, 14-30; glas 1, voscr. 4</r>"
2017 12 4,"4 L   † Sf. M. Mc. Varvara; Sf. Cuv. Ioan Damaschin	(Dezlegare la peşte)"
2017 12 5,"5 M   †) Sf. Cuv. Sava cel Sfinţit; Sf. Mc. Anastasie; Sf. Cuv. Mc. Cosma Atonitul	(Dezlegare la peşte)"
2017 12 6,"<r>6 M   †) Sf. Ier. Nicolae, Arhiep. Mirelor Lichiei	(Dezlegare la peşte)</r>"
2017 12 7,"7 J   <a>†) Sf. Mc. Filofteia de la Curtea de Argeş;</a> Sf. Ambrozie, Ep. Mediolanului	(Dezlegare la peşte)"
2017 12 8,"8 V   Sf. Cuv. Patapie; Sf. Ier. Sofronie, ep. Ciprului; Sf. Ap. Tihic, Cezar şi Onisifor	(Post)"
2017 12 9,"9 S   Zămislirea Sfintei Fecioare Maria de către Sf. Ana; Sf. Proorociţă Ana, mama Proorocului Samuel	(Dezlegare la peşte)"
2017 12 10,"<r>10 D   Sf. Mc. Mina, Ermoghen şi Evgraf	(Dezlegare la peşte) <br><b>Duminica a XXVII-a după Rusalii</b>	(Tămăduirea femeii gârbove); Ap. Efeseni VI, 10-17; Ev. Luca XIII, 10-17; glas 2, voscr. 5</r>"
2017 12 11,"11 L   Sf. Cuv. Daniil Stâlpnicul şi Luca cel Nou	(Post)"
2017 12 12,"12 M   †) Sf. Ier. Spiridon, Ep. Trimitundei;Sf. Mc. Sinet; Sf. Ier. Alexandru, ep. Ierusalimului	(Dezlegare la peşte)"
2017 12 13,"13 M   <a>†) Sf. Ier. Dosoftei, mitropolitul Moldovei;</a> † Sf. M. Mc. Evstratie, Auxenţie, Evghenie, Mardarie şi Orest; Sf. Mc. Lucia fecioara	(Dezlegare la ulei şi vin)"
2017 12 14,"14 J   Sf. Mc. Tirs, Calinic, Filimon, Arian şi Apolonie	(Dezlegare la ulei şi vin)"
2017 12 15,"15 V   Sf. Sfinţit Mc. Elefterie; Sf. Mc. Antia şi Suzana	(Post)"
2017 12 16,"16 S   Sf. Prooroc Agheu; Sf. Împărăteasă Teofana	(Dezlegare la peşte)"
2017 12 17,"<r>17 D   Sf. Prooroc Daniel şi Sf. 3 tineri: Anania, Azaria şi Misail	(Dezlegare la peşte) <br><b>Duminica a XXVIII-a după Rusalii</b>	(a Sf. Strămoși; Pilda celor poftiți la cină); Ap. Coloseni I, 12-18; Coloseni III, 4-11; Ev. Luca XIV, 16-24; glas 3, voscr. 6</r>"
2017 12 18,"18 L   <a>†) Sf. Cuv. Daniil Sihastrul;</a> Sf. Mc. Sebastian şi Zoe; Sf. Ier. Modest, patriarhul Ierusalimului	(Dezlegare la peşte)"
2017 12 19,"19 M   Sf. Mc. Bonifatie; Sf. Ier. Grichentie, ep. Etiopiei; Sf. Mc. Trifon; Sf. Cuv. Aglaia	(Dezlegare la ulei şi vin)"
2017 12 20,"20 M   Înainteprăznuirea Naşterii Domnului; Sf. Sfinţit Mc. Ignatie Teoforul, ep. Antiohiei	(Post)"
2017 12 21,"21 J   Sf. Mc. Iuliana din Nicomidia; Sf. Mc. Temistocle	(Dezlegare la ulei şi vin)"
2017 12 22,"22 V   <a>†) Sf. Ier. Petru Movilă, Mitr. Kievului;</a> Sf. M. Mc. Anastasia; Sf. Mc. Hrisogon şi Teodota	(Zi aliturgică) (Numai seara, grâu fiert îndulcit cu miere, poame, covrigi sau turte de făină)"
2017 12 23,"23 S   Sf. 10 Mc. din Creta; Sf. Ier. Pavel, Arhiep. Neocezareei; Sf. Cuv. Naum	(Sâmbăta dinaintea Nașterii Domnului) (Dezlegare la ulei şi vin)"
2017 12 24,"<r>24 D   Sf. Sf. Cuv. Mc. Eugenia	(Ajunul Crăciunului) (Dezlegare la ulei şi vin) <br><b>Duminica dinaintea Nașterii Domnului</b>	(a Sf. Părinți după trup ai Domnului; Genealogia Mântuitorului); Ap. Evrei XI, 9-10; 32-40; Ev. Matei I, 1-25; glas 4, voscr. 7</r>"
2017 12 25,"<r>25 L   (†) Naşterea Domnului (Crăciunul)</r>"
2017 12 26,"<r>26 M   A doua zi de Crăciun; (†) Soborul Maicii Domnului;</r> <a>†) Sf. Cuv. Nicodim de la Tismana;</a> <r>Sf. Ier. Eftimie Mart., ep. Sardei</r>"
2017 12 27,"<r>27 M   A treia zi de Crăciun; †) Sf. Ap. Întâiul Mc. şi Arhid. Ştefan; Sf. Cuv. Teodor Marturisitorul	(Harţi)</r>"
2017 12 28,"28 J   Sf. 20.000 de Mc. arşi în Nicomidia; Sf. Sfinţit Mc. Glicherie preotul"
2017 12 29,"29 V   Sf. 14.000 de prunci ucişi din porunca lui Irod; Sf. Cuv. Marcel şi Tadeu	(Harţi)"
2017 12 30,"30 S   Sf. Mc. Anisia; Sf. Cuv. Teodora din Cezareea; Sf. Cuv. Leon	(Sâmbăta după Nașterea Domnului)"
2017 12 31,"<r>31 D   Sf. Cuv. Melania Romana;</r> <a>Sf. Mc. Hermes</a>	<r>(Odovania Praznicului Naşterii Domnului) <br><b>Duminica după Nașterea Domnului</b>	(a Sf. Iosif, logodnicul Sf. Fecioare Maria, Sf. David Prorocul și Sf. Iacob, ruda Domnului); Ap. Galateni I, 11-19; Ev. Matei II, 13-23; glas 5, voscr. 8</r>"
